{
    "$schema": "https://schema.management.azure.com/schemas/2015-01-01/deploymentTemplate.json#",
    "contentVersion": "1.0.0.0",
    "parameters": {
        "sites_mino021_name": {
            "defaultValue": "mino021",
            "type": "String"
        },
        "serverfarms_SoutheastAsiaPlan_externalid": {
            "defaultValue": "/subscriptions/16dd8393-13bc-448e-8a12-adb03a3c9897/resourceGroups/mino021/providers/Microsoft.Web/serverfarms/SoutheastAsiaPlan",
            "type": "String"
        }
    },
    "variables": {},
    "resources": [
        {
            "type": "Microsoft.Web/sites",
            "apiVersion": "2018-11-01",
            "name": "[parameters('sites_mino021_name')]",
            "location": "Southeast Asia",
            "kind": "functionapp",
            "properties": {
                "enabled": true,
                "hostNameSslStates": [
                    {
                        "name": "[concat(parameters('sites_mino021_name'), '.azurewebsites.net')]",
                        "sslState": "Disabled",
                        "hostType": "Standard"
                    },
                    {
                        "name": "[concat(parameters('sites_mino021_name'), '.scm.azurewebsites.net')]",
                        "sslState": "Disabled",
                        "hostType": "Repository"
                    }
                ],
                "serverFarmId": "[parameters('serverfarms_SoutheastAsiaPlan_externalid')]",
                "reserved": false,
                "isXenon": false,
                "hyperV": false,
                "siteConfig": {},
                "scmSiteAlsoStopped": false,
                "clientAffinityEnabled": false,
                "clientCertEnabled": false,
                "hostNamesDisabled": false,
                "containerSize": 1536,
                "dailyMemoryTimeQuota": 0,
                "httpsOnly": false,
                "redundancyMode": "None"
            }
        },
        {
            "type": "Microsoft.Web/sites/config",
            "apiVersion": "2018-11-01",
            "name": "[concat(parameters('sites_mino021_name'), '/web')]",
            "location": "Southeast Asia",
            "dependsOn": [
                "[resourceId('Microsoft.Web/sites', parameters('sites_mino021_name'))]"
            ],
            "properties": {
                "numberOfWorkers": -1,
                "defaultDocuments": [
                    "Default.htm",
                    "Default.html",
                    "Default.asp",
                    "index.htm",
                    "index.html",
                    "iisstart.htm",
                    "default.aspx",
                    "index.php"
                ],
                "netFrameworkVersion": "v4.0",
                "phpVersion": "5.6",
                "requestTracingEnabled": false,
                "remoteDebuggingEnabled": false,
                "remoteDebuggingVersion": "VS2019",
                "httpLoggingEnabled": false,
                "logsDirectorySizeLimit": 35,
                "detailedErrorLoggingEnabled": false,
                "publishingUsername": "$mino021",
                "azureStorageAccounts": {},
                "scmType": "None",
                "use32BitWorkerProcess": true,
                "webSocketsEnabled": false,
                "alwaysOn": false,
                "javaVersion": "1.8",
                "managedPipelineMode": "Integrated",
                "virtualApplications": [
                    {
                        "virtualPath": "/",
                        "physicalPath": "site\\wwwroot",
                        "preloadEnabled": false
                    }
                ],
                "loadBalancing": "LeastRequests",
                "experiments": {
                    "rampUpRules": []
                },
                "autoHealEnabled": false,
                "cors": {
                    "allowedOrigins": [
                        "https://functions.azure.com",
                        "https://functions-staging.azure.com",
                        "https://functions-next.azure.com",
                        "https://mino021.azurewebsites.net"
                    ],
                    "supportCredentials": false
                },
                "localMySqlEnabled": false,
                "ipSecurityRestrictions": [
                    {
                        "ipAddress": "Any",
                        "action": "Allow",
                        "priority": 1,
                        "name": "Allow all",
                        "description": "Allow all access"
                    }
                ],
                "scmIpSecurityRestrictions": [
                    {
                        "ipAddress": "Any",
                        "action": "Allow",
                        "priority": 1,
                        "name": "Allow all",
                        "description": "Allow all access"
                    }
                ],
                "scmIpSecurityRestrictionsUseMain": false,
                "http20Enabled": false,
                "minTlsVersion": "1.2",
                "ftpsState": "AllAllowed",
                "reservedInstanceCount": 0
            }
        },
        {
            "type": "Microsoft.Web/sites/deployments",
            "apiVersion": "2018-11-01",
            "name": "[concat(parameters('sites_mino021_name'), '/05d7c3814c1d44a8b5227f280cdacbbd')]",
            "location": "Southeast Asia",
            "dependsOn": [
                "[resourceId('Microsoft.Web/sites', parameters('sites_mino021_name'))]"
            ],
            "properties": {
                "status": 4,
                "author_email": "N/A",
                "author": "VS Code",
                "deployer": "ZipDeploy",
                "message": "Created via a push deployment",
                "start_time": "2020-08-15T02:15:17.1395534Z",
                "end_time": "2020-08-15T02:15:26.1169182Z",
                "active": true
            }
        },
        {
            "type": "Microsoft.Web/sites/functions",
            "apiVersion": "2018-11-01",
            "name": "[concat(parameters('sites_mino021_name'), '/HttpExample')]",
            "location": "Southeast Asia",
            "dependsOn": [
                "[resourceId('Microsoft.Web/sites', parameters('sites_mino021_name'))]"
            ],
            "properties": {
                "script_root_path_href": "https://mino021.azurewebsites.net/admin/vfs/site/wwwroot/HttpExample/",
                "script_href": "https://mino021.azurewebsites.net/admin/vfs/site/wwwroot/azure_function-1.0-SNAPSHOT.jar",
                "config_href": "https://mino021.azurewebsites.net/admin/vfs/site/wwwroot/HttpExample/function.json",
                "href": "https://mino021.azurewebsites.net/admin/functions/HttpExample",
                "config": {}
            }
        },
        {
            "type": "Microsoft.Web/sites/hostNameBindings",
            "apiVersion": "2018-11-01",
            "name": "[concat(parameters('sites_mino021_name'), '/', parameters('sites_mino021_name'), '.azurewebsites.net')]",
            "location": "Southeast Asia",
            "dependsOn": [
                "[resourceId('Microsoft.Web/sites', parameters('sites_mino021_name'))]"
            ],
            "properties": {
                "siteName": "mino021",
                "hostNameType": "Verified"
            }
        }
    ]
}