{
    "$schema": "https://schema.management.azure.com/schemas/2015-01-01/deploymentTemplate.json#",
    "contentVersion": "1.0.0.0",
    "parameters": {
        "frontdoors_webapp021_name": {
            "defaultValue": "webapp021",
            "type": "String"
        }
    },
    "variables": {},
    "resources": [
        {
            "type": "Microsoft.Network/frontdoors",
            "apiVersion": "2020-05-01",
            "name": "[parameters('frontdoors_webapp021_name')]",
            "location": "Global",
            "properties": {
                "resourceState": "Enabled",
                "backendPools": [
                    {
                        "id": "[concat(resourceId('Microsoft.Network/frontdoors', parameters('frontdoors_webapp021_name')), '/BackendPools/myBackendPool')]",
                        "name": "myBackendPool",
                        "properties": {
                            "backends": [
                                {
                                    "address": "app021a.azurewebsites.net",
                                    "httpPort": 80,
                                    "httpsPort": 443,
                                    "priority": 1,
                                    "weight": 50,
                                    "backendHostHeader": "app021a.azurewebsites.net",
                                    "enabledState": "Enabled"
                                },
                                {
                                    "address": "app021b.azurewebsites.net",
                                    "httpPort": 80,
                                    "httpsPort": 443,
                                    "priority": 1,
                                    "weight": 50,
                                    "backendHostHeader": "app021b.azurewebsites.net",
                                    "enabledState": "Enabled"
                                }
                            ],
                            "healthProbeSettings": {
                                "id": "[concat(resourceId('Microsoft.Network/frontdoors', parameters('frontdoors_webapp021_name')), '/healthProbeSettings/healthProbeSettings-1597225715438')]"
                            },
                            "loadBalancingSettings": {
                                "id": "[concat(resourceId('Microsoft.Network/frontdoors', parameters('frontdoors_webapp021_name')), '/loadBalancingSettings/loadBalancingSettings-1597225715440')]"
                            },
                            "resourceState": "Enabled"
                        }
                    }
                ],
                "healthProbeSettings": [
                    {
                        "id": "[concat(resourceId('Microsoft.Network/frontdoors', parameters('frontdoors_webapp021_name')), '/HealthProbeSettings/healthProbeSettings-1597225715438')]",
                        "name": "healthProbeSettings-1597225715438",
                        "properties": {
                            "intervalInSeconds": 30,
                            "path": "/",
                            "protocol": "Https",
                            "resourceState": "Enabled",
                            "enabledState": "Enabled",
                            "healthProbeMethod": "Head"
                        }
                    }
                ],
                "frontendEndpoints": [
                    {
                        "id": "[concat(resourceId('Microsoft.Network/frontdoors', parameters('frontdoors_webapp021_name')), '/FrontendEndpoints/wepapp021-azurefd-net')]",
                        "name": "wepapp021-azurefd-net",
                        "properties": {
                            "hostName": "[concat(parameters('frontdoors_webapp021_name'), '.azurefd.net')]",
                            "sessionAffinityEnabledState": "Disabled",
                            "sessionAffinityTtlSeconds": 0,
                            "resourceState": "Enabled"
                        }
                    }
                ],
                "loadBalancingSettings": [
                    {
                        "id": "[concat(resourceId('Microsoft.Network/frontdoors', parameters('frontdoors_webapp021_name')), '/LoadBalancingSettings/loadBalancingSettings-1597225715440')]",
                        "name": "loadBalancingSettings-1597225715440",
                        "properties": {
                            "additionalLatencyMilliseconds": 0,
                            "sampleSize": 4,
                            "successfulSamplesRequired": 2,
                            "resourceState": "Enabled"
                        }
                    }
                ],
                "routingRules": [
                    {
                        "id": "[concat(resourceId('Microsoft.Network/frontdoors', parameters('frontdoors_webapp021_name')), '/RoutingRules/LocationRule')]",
                        "name": "LocationRule",
                        "properties": {
                            "frontendEndpoints": [
                                {
                                    "id": "[concat(resourceId('Microsoft.Network/frontdoors', parameters('frontdoors_webapp021_name')), '/frontendEndpoints/wepapp021-azurefd-net')]"
                                }
                            ],
                            "acceptedProtocols": [
                                "Http",
                                "Https"
                            ],
                            "patternsToMatch": [
                                "/*"
                            ],
                            "enabledState": "Enabled",
                            "resourceState": "Enabled",
                            "routeConfiguration": {
                                "@odata.type": "#Microsoft.Azure.FrontDoor.Models.FrontdoorForwardingConfiguration",
                                "forwardingProtocol": "HttpsOnly",
                                "backendPool": {
                                    "id": "[concat(resourceId('Microsoft.Network/frontdoors', parameters('frontdoors_webapp021_name')), '/backendPools/myBackendPool')]"
                                }
                            }
                        }
                    }
                ],
                "backendPoolsSettings": {
                    "enforceCertificateNameCheck": "Enabled",
                    "sendRecvTimeoutSeconds": 30
                },
                "enabledState": "Enabled",
                "friendlyName": "[parameters('frontdoors_webapp021_name')]"
            }
        }
    ]
}