{
    "$schema": "https://schema.management.azure.com/schemas/2015-01-01/deploymentTemplate.json#",
    "contentVersion": "1.0.0.0",
    "parameters": {
        "sites_frontend021_name": {
            "defaultValue": "frontend021",
            "type": "String"
        },
        "serverfarms_ASP_ResourceGroup021_a6d5_externalid": {
            "defaultValue": "/subscriptions/16dd8393-13bc-448e-8a12-adb03a3c9897/resourceGroups/ResourceGroup021/providers/Microsoft.Web/serverfarms/ASP-ResourceGroup021-a6d5",
            "type": "String"
        }
    },
    "variables": {},
    "resources": [
        {
            "type": "Microsoft.Web/sites",
            "apiVersion": "2018-11-01",
            "name": "[parameters('sites_frontend021_name')]",
            "location": "Southeast Asia",
            "kind": "app",
            "properties": {
                "enabled": true,
                "hostNameSslStates": [
                    {
                        "name": "[concat(parameters('sites_frontend021_name'), '.azurewebsites.net')]",
                        "sslState": "Disabled",
                        "hostType": "Standard"
                    },
                    {
                        "name": "[concat(parameters('sites_frontend021_name'), '.scm.azurewebsites.net')]",
                        "sslState": "Disabled",
                        "hostType": "Repository"
                    }
                ],
                "serverFarmId": "[parameters('serverfarms_ASP_ResourceGroup021_a6d5_externalid')]",
                "reserved": false,
                "isXenon": false,
                "hyperV": false,
                "siteConfig": {},
                "scmSiteAlsoStopped": false,
                "clientAffinityEnabled": true,
                "clientCertEnabled": false,
                "hostNamesDisabled": false,
                "containerSize": 0,
                "dailyMemoryTimeQuota": 0,
                "httpsOnly": false,
                "redundancyMode": "None"
            }
        },
        {
            "type": "Microsoft.Web/sites/config",
            "apiVersion": "2018-11-01",
            "name": "[concat(parameters('sites_frontend021_name'), '/web')]",
            "location": "Southeast Asia",
            "dependsOn": [
                "[resourceId('Microsoft.Web/sites', parameters('sites_frontend021_name'))]"
            ],
            "properties": {
                "numberOfWorkers": 1,
                "defaultDocuments": [
                    "Default.htm",
                    "Default.html",
                    "Default.asp",
                    "index.htm",
                    "index.html",
                    "iisstart.htm",
                    "default.aspx",
                    "index.php"
                ],
                "netFrameworkVersion": "v4.0",
                "requestTracingEnabled": false,
                "remoteDebuggingEnabled": false,
                "remoteDebuggingVersion": "VS2019",
                "httpLoggingEnabled": false,
                "logsDirectorySizeLimit": 35,
                "detailedErrorLoggingEnabled": false,
                "publishingUsername": "$frontend021",
                "azureStorageAccounts": {},
                "scmType": "None",
                "use32BitWorkerProcess": true,
                "webSocketsEnabled": true,
                "alwaysOn": false,
                "managedPipelineMode": "Integrated",
                "virtualApplications": [
                    {
                        "virtualPath": "/",
                        "physicalPath": "site\\wwwroot\\",
                        "preloadEnabled": false
                    }
                ],
                "loadBalancing": "LeastRequests",
                "experiments": {
                    "rampUpRules": []
                },
                "autoHealEnabled": false,
                "localMySqlEnabled": false,
                "ipSecurityRestrictions": [
                    {
                        "ipAddress": "Any",
                        "action": "Allow",
                        "priority": 1,
                        "name": "Allow all",
                        "description": "Allow all access"
                    }
                ],
                "scmIpSecurityRestrictions": [
                    {
                        "ipAddress": "Any",
                        "action": "Allow",
                        "priority": 1,
                        "name": "Allow all",
                        "description": "Allow all access"
                    }
                ],
                "scmIpSecurityRestrictionsUseMain": false,
                "http20Enabled": false,
                "minTlsVersion": "1.2",
                "ftpsState": "AllAllowed",
                "reservedInstanceCount": 0
            }
        },
        {
            "type": "Microsoft.Web/sites/deployments",
            "apiVersion": "2018-11-01",
            "name": "[concat(parameters('sites_frontend021_name'), '/temp-12260006')]",
            "location": "Southeast Asia",
            "dependsOn": [
                "[resourceId('Microsoft.Web/sites', parameters('sites_frontend021_name'))]"
            ],
            "properties": {
                "status": 3,
                "author_email": "N/A",
                "author": "N/A",
                "deployer": "ZipDeploy",
                "message": "Deploying from pushed zip file",
                "start_time": "2020-08-16T12:39:14.8366081Z",
                "end_time": "2020-08-16T12:41:10.9774677Z",
                "active": false
            }
        },
        {
            "type": "Microsoft.Web/sites/hostNameBindings",
            "apiVersion": "2018-11-01",
            "name": "[concat(parameters('sites_frontend021_name'), '/', parameters('sites_frontend021_name'), '.azurewebsites.net')]",
            "location": "Southeast Asia",
            "dependsOn": [
                "[resourceId('Microsoft.Web/sites', parameters('sites_frontend021_name'))]"
            ],
            "properties": {
                "siteName": "frontend021",
                "hostNameType": "Verified"
            }
        }
    ]
}